case,Dice,IoU,TP,FP,FN
case_000,0.9069253680778081,0.8297012313632812,128495,11223,15151
case_001,0.8597668509938724,0.7540272370990786,57527,17143,1623
case_002,0.9096546392163427,0.8342812029415635,114128,7061,15609
case_003,0.8802702241114295,0.7861452317036796,115969,342,31205
case_004,0.8147086199702576,0.6873488103404701,38075,6383,10936
case_005,0.9189276232754494,0.8500148954500438,105571,8450,10178
case_006,0.9271771032363543,0.8642405992949471,94140,6547,8241
case_007,0.8743607008294773,0.7767681010016163,61033,12824,4716
case_008,0.9266979910681815,0.8634084193976851,95556,7513,7604
case_009,0.9275198975900262,0.8648364622390596,133318,10531,10305
case_010,0.9315534442352982,0.8718765007095489,161584,10471,13274
case_011,0.90205752584065,0.8215890605118624,51010,5519,5558
case_012,0.8456277596467652,0.73254339465752,70478,23819,1913
case_013,0.9369167085208565,0.8813201336437689,142706,15926,3291
case_014,0.9066652241238242,0.8292658791514627,67042,5827,7976
case_015,0.903677505503627,0.8242807294752782,37560,7482,525
case_016,0.9280254903517827,0.865716005370619,93493,9011,5491
case_017,0.9093313589353151,0.8337375117410981,97639,8437,11034
case_018,0.8183334036894762,0.6925247834241315,77542,34125,303
case_019,0.9324727882713124,0.8734885425181093,61981,4663,4314
case_020,0.9115453951073134,0.8374675351731226,120597,9170,14235
case_021,0.8242498086445788,0.7010416113089227,52766,14548,7954
case_022,0.832705276567692,0.7133633519041441,93472,4362,33196
case_023,0.8855766545657637,0.7946501284219758,101480,20884,5340
case_024,0.9189532068290646,0.8500586770472565,59397,7100,3377
case_025,0.9306401774882199,0.8702778596097555,138845,4342,16354
case_026,0.9218903598629269,0.8550988930455309,100345,10821,6183
case_027,0.937073023082908,0.8815968015044549,230646,17604,13373
case_028,0.8309182052265381,0.710744285764495,60667,23389,1301
case_029,0.9468057286500826,0.8989848828521705,200942,3376,19203
case_030,0.8868377777061233,0.7966833224708524,55007,13115,923
case_031,0.9242316236199065,0.8591362638209347,111503,11249,7033
case_032,0.8898431407389858,0.8015472167881914,90142,5552,16766
case_033,0.8749152647781336,0.7776438852897606,70341,8486,11627
case_034,0.8681933164691785,0.7670862251499824,91294,20863,6857
case_035,0.9301066469390561,0.8693451962086121,142071,13043,8309
case_036,0.949274259201652,0.9034462775037637,143423,11517,3811
case_037,0.8908375648865877,0.803162401362339,133945,32012,815
case_038,0.8615769155046523,0.7568160969667804,100652,10161,22181
case_039,0.9077069928236883,0.831010531844567,91766,10757,7904
case_040,0.9053066713600404,0.8269956961232129,100303,19427,1556
case_041,0.9124873905625366,0.8390591360908799,109905,16565,4516
case_042,0.8343233067377092,0.7157416044776119,92073,33637,2930
case_043,0.9005786517329899,0.8191387707293015,53149,8856,2879
case_044,0.9006201579145876,0.8192074508171828,72830,11584,4489
case_045,0.8653521485681521,0.7626614261650758,67915,18293,2842
case_046,0.9440820767915437,0.8940866103711032,151832,16085,1901
case_047,0.9252524196113806,0.8609020727237342,106163,13780,3373
case_048,0.9160871638315923,0.8451668190127971,73969,11368,2183
case_049,0.8503404645771961,0.7396454675291944,61628,5126,16567
case_050,0.9039364139241214,0.824711654877971,129422,9775,17733
case_051,0.8969339574847508,0.813128065695442,88522,14775,5569
case_052,0.9296857704384757,0.8686101191229981,102886,9282,6281
case_053,0.9213870585949231,0.8542332686966092,130397,7863,14388
case_054,0.8773139529688594,0.7814419314187172,58909,15516,960
case_055,0.8802609048305696,0.786130366107629,78139,8885,12373
case_056,0.9200957903139502,0.8520161159307275,52445,2805,6304
case_057,0.8831154874330006,0.7906954367227154,65740,15482,1920
case_058,0.9312106128143585,0.8712760661541015,78759,6544,5092
case_059,0.8454641320147063,0.7322978483899953,74162,1851,25260
case_060,0.9340796574639847,0.8763128164358341,125658,4087,13649
case_061,0.9135422908359659,0.8408447776019589,145599,22024,5535
case_062,0.9023259806025233,0.8220345609508171,73591,2827,13105
case_063,0.9042496230854856,0.8252332302469573,128351,14079,13103
case_064,0.8531991206756913,0.7439819205391554,73742,294,25082
case_065,0.9082498951086985,0.8319210513830242,87672,4681,13032
case_066,0.8484931770396735,0.7368546673986204,61744,20636,1414
case_067,0.9228449097748271,0.8567428387512069,133095,8087,14168
case_068,0.8551094159914869,0.7468918234942253,81161,16087,11417
case_069,0.8723609658548919,0.7736172121039168,75905,2996,19216
case_070,0.9109142364956319,0.8364026663653824,103642,6244,14028
case_071,0.9453919586034616,0.8964391712313798,127159,13166,1524
case_072,0.9275832665822589,0.8649466552299078,89746,9545,4468
case_073,0.839810559550956,0.723856406782941,59847,3064,19767
case_074,0.8663610102562743,0.764230075089537,81726,16067,9146
case_075,0.8927158101580197,0.8062210391402937,98130,21997,1589
case_076,0.9278372172199726,0.8653883832958361,128087,5661,14263
case_077,0.8826124387074695,0.7898892642822277,82530,3477,18476
case_078,0.9046600919144953,0.8259172200670656,100491,12351,8830
case_079,0.9122421187078656,0.8386444579231404,107848,12333,8417
case_080,0.9443554722910498,0.8945771493180289,62505,2900,4466
case_081,0.9126170548671035,0.8392784335564196,84397,12227,3935
case_082,0.8940204418875084,0.8083516872710369,73037,2244,15072
case_083,0.9372403575198273,0.8818930641105077,96786,6473,6489
case_084,0.8505189640120283,0.739915611814346,92064,31774,587
case_085,0.8741724177240721,0.7764709547770006,49844,7611,6738
case_086,0.9157012259341956,0.8445100629419535,195624,8197,27821
case_087,0.8834722107960088,0.7912675522620577,112758,12079,17666
case_088,0.9062856389799839,0.8286310130688664,89401,7910,10579
case_089,0.9380808642465644,0.8833825784493399,94476,5594,6878
case_090,0.8127425020264794,0.6845545329582798,75199,9854,24798
case_091,0.8855104418405368,0.7945435068076577,137955,4536,31137
case_092,0.9260334829926408,0.862255450545201,147162,11987,11522
case_093,0.9473483262310023,0.8999637295393651,153838,2988,14112
case_094,0.944810290180632,0.8953937679532232,61407,4689,2485
case_095,0.9003877278688712,0.8188229166666666,78607,14505,2888
case_096,0.8998088241239698,0.8178658799071847,77896,8445,8902
case_097,0.9067851880480204,0.829466613637368,93850,16626,2669
case_098,0.9162812109520574,0.8454972085120155,104495,9185,9910
case_099,0.9102970183939656,0.8353625104818422,103605,4076,16343
case_100,0.9170868320334719,0.8468701454203927,190257,23044,11358
case_101,0.9374338693170977,0.8822357896111528,108088,5210,9218
case_102,0.9430701775583247,0.8922732214894676,175619,12328,8875
case_103,0.6941482257264366,0.5315673948619373,81855,698,71435
case_104,0.9340317058462949,0.8762284122041759,93710,6574,6663
case_105,0.8892883433482273,0.8006473489519113,77919,9526,9875
case_106,0.8461891596870122,0.7333863837312113,82946,26776,3378
case_107,0.9336968389226624,0.87563919249691,144526,16970,3556
case_108,0.9331542494011046,0.874685256867977,93098,9048,4290
case_109,0.8931696379744066,0.806961634427728,130660,20367,10889
case_110,0.9142898538725835,0.8421122867219522,88346,3494,13070
case_111,0.918053326696817,0.8485199403534376,106978,11668,7430
case_112,0.8771567899500311,0.7811925851259285,109274,24439,6168
case_113,0.8941132845091314,0.8085035040069745,72336,15994,1139
case_114,0.8918129587526938,0.8047494922417834,97868,4300,19445
case_115,0.869437883196343,0.7690315023595796,68280,7619,12888
case_116,0.9181508471899466,0.848686570401328,101738,8712,9427
case_117,0.9231414740454525,0.8572541813021936,147410,20353,4193
case_118,0.8964844736177733,0.8123895424986131,142039,4747,28055
case_119,0.9445145955581965,0.894862772695285,197098,6532,16625
case_120,0.9265997174605992,0.8632378177398019,193165,27526,3077
case_121,0.9265968246721651,0.8632327963713796,308503,13340,35538
case_122,0.8708396578241071,0.7712276328674441,86632,11453,14245
case_123,0.9045494908371458,0.8257328681406196,87095,2186,16195
case_124,0.9308123138033764,0.8705789692682637,234332,15076,19760
case_125,0.8605920940646563,0.7552976327281085,32863,6893,3754
case_126,0.9167967304381406,0.8463755199049317,85467,11848,3665
case_127,0.7631276644627677,0.6169817551391067,74735,6733,39662
case_128,0.8607200562249578,0.7554947850419741,59397,17658,1565
case_129,0.8478938088669231,0.7359510914814492,92813,665,32635
case_130,0.8882181499966628,0.7989140585394487,59885,10239,4834
case_131,0.8372589302845804,0.7200734128102134,89454,4146,30629
case_132,0.9069247779027816,0.8297002434678914,116889,12646,11346
case_133,0.9364743017554753,0.8805375397145901,180976,8386,16167
case_134,0.8768002184151252,0.7806271268838114,57807,12819,3426
case_135,0.8868764483473595,0.7967457404262313,72715,10961,7589
case_136,0.9088230465475975,0.8328832859529787,105179,1681,19423
case_137,0.8958044732340871,0.8112734126516669,68869,5490,10531
case_138,0.8949125922617225,0.8098115913684073,124217,3031,26142
case_139,0.8901777755287138,0.8020904212409246,114342,947,27266
case_140,0.9510713391287285,0.9067073620990966,184184,9692,9259
case_141,0.8168130916922826,0.6903500080647019,59921,10006,16871
case_142,0.80318750561708,0.6711055486024197,40216,19675,34
case_143,0.9154539333989331,0.8440894873815151,176765,24841,7809
case_144,0.9241485585231491,0.8589927223172605,148129,12407,11909
case_145,0.9426672971156957,0.8915521997420375,189396,8377,14661
case_146,0.8861638130495141,0.7955961778147072,49790,1995,10797
case_147,0.8367343018677048,0.7192976662263321,65341,4329,21170
case_148,0.8999083514721045,0.8180303456319576,78553,6384,11090
case_149,0.8733179706093461,0.775123724198978,57794,5713,11054
case_150,0.8681895389490201,0.7670803273392914,56991,8602,8703
case_151,0.937442614246048,0.8822512805563653,127113,12868,4097
case_152,0.8765511214681037,0.7802323169466916,120368,1825,32079
case_153,0.8701414092736774,0.770133020552875,57780,14912,2334
case_154,0.8840766002098636,0.7922377112767108,67402,12266,5410
case_155,0.8882375071833437,0.7989453799012316,107423,10042,16991
case_156,0.9302622933352276,0.8696171851655101,78576,9134,2647
case_157,0.9263218316747595,0.8627555807711611,79075,3018,9561
case_158,0.9095934310608889,0.8341782386232863,141349,18443,9655
case_159,0.8915861924576692,0.8043802651958747,85171,15015,5698
case_160,0.9090416053304409,0.8332504793693629,70398,2046,12042
case_161,0.8401915763025087,0.7244227228700082,97976,34757,2514
case_162,0.9030939226519337,0.8233101641986501,138941,4917,24901
case_163,0.8779045946736904,0.7823796359084033,59996,15653,1035
case_164,0.8880467678936341,0.7986367971712378,102993,3748,22220
case_165,0.9321221617577515,0.8728734021599757,132064,11505,7729
case_166,0.8856150516040888,0.794711964549483,161406,1071,40623
case_167,0.8911610781880899,0.8036884895164741,93911,2253,20686
case_168,0.8998054284803249,0.8178602692407788,69137,12481,2916
case_169,0.8678591176525408,0.7665645956120422,69844,1543,19726
case_170,0.9154886275965682,0.8441484809584938,78911,11800,2769
case_171,0.9404210924316793,0.8875422922393741,134310,6385,10633
case_172,0.8979966894711335,0.8148765805795743,71340,7213,8994
case_173,0.9222509128550466,0.8557195026702974,162152,5830,21510
case_174,0.8806534123939077,0.7867566865749156,60596,10795,5629
case_175,0.9094310482721849,0.8339051344083755,98927,3324,16380
case_176,0.8714183945924487,0.7721359185876185,80123,10638,13007
case_177,0.9014637429196344,0.8206044517051256,96444,667,20417
case_178,0.9230267528721663,0.8570563431670886,227851,25725,12277
case_179,0.8706116648652976,0.7708700699139589,86995,6273,19585
case_180,0.8870013080444735,0.7969473050197587,54249,1158,12664
case_181,0.9392751817120688,0.8855031630429004,166572,13815,7723
case_182,0.8860305367675766,0.7953813511158262,83970,6950,14652
case_183,0.876733819569628,0.7805218699219747,58120,9859,6484
case_184,0.916161242131338,0.8452929326249072,71751,3850,9282
case_185,0.9347762637563882,0.8775398368917017,163340,12373,10421
case_186,0.8997183257811985,0.8177163601493201,47753,5455,5190
case_187,0.8316172110649926,0.7117677690399908,80644,6743,25914
case_188,0.9406045710047339,0.8878691990362901,129351,6543,9793
case_189,0.8750996433815817,0.7779352528718484,114719,2404,30343
case_190,0.907200324771184,0.8301615980817615,49163,7161,2897
case_191,0.886653026838368,0.7963851774981623,92090,9137,14408
case_192,0.9340267220259252,0.8762196401405865,133627,9113,9764
case_193,0.9088295557426261,0.8328942197120773,57219,6562,4918
case_194,0.9368545060214883,0.881210061395815,112527,12655,2514
case_195,0.8731990827030242,0.7749364322472296,229795,19944,46795
case_196,0.9332638353258773,0.8748778434928005,154877,12498,9652
case_197,0.9137577328604825,0.8412098852190208,86187,7633,8636
case_198,0.8714834761026976,0.7722381176068668,72334,4422,16912
case_199,0.8879421809340435,0.798467638741884,252719,7429,56357
case_200,0.9323979293059427,0.8733571757684797,79610,8535,3009
case_201,0.891456733414675,0.8041695441988951,55893,4543,9068
case_202,0.8639857173607506,0.7605412454441088,68235,1969,19515
case_203,0.9043940125543216,0.8254737769942706,52444,3134,7954
case_204,0.9051382921508554,0.8267147217423461,149785,4124,27272
case_205,0.8904573742002505,0.8025445381680725,137577,12674,21175
case_206,0.8795158448789612,0.7849426882649249,80875,10837,11321
case_207,0.9279687927111743,0.8656173312883435,225753,8077,26970
case_208,0.9328730308971672,0.8741912236380484,110385,8957,6929
case_209,0.9077690102058572,0.8311144974717739,119988,11603,12779
case_210,0.9238558497040628,0.8584870804250568,213765,12482,22755
case_211,0.8810599808752833,0.7874059072125121,67261,13091,5069
case_212,0.9274957521588344,0.8647944789270368,199240,6266,24884
case_213,0.9125796453007312,0.8392151584776151,87296,6743,9982
case_214,0.8925959863825862,0.8060256016833983,73545,13252,4447
case_215,0.9118786489878321,0.8380302878347207,83560,9400,6750
case_216,0.9164229317895949,0.8457385807390003,120944,15149,6911
case_217,0.8916853885511095,0.8045417603810315,85135,11050,9633
case_218,0.9242973694243233,0.8592498922584889,151527,4209,20612
case_219,0.8644908123608648,0.7613243659950024,57279,17168,789
case_220,0.9522481307213395,0.9088488969978438,109589,6168,4823
case_221,0.8799558255107676,0.7856438572273713,51792,10051,4080
case_222,0.9026848249027237,0.8226304031771923,92796,8478,11530
case_223,0.8962535572442694,0.8120103698876595,114638,15045,11495
case_224,0.9168699069525515,0.8465002614532532,79323,9891,4493
case_225,0.9202832128132297,0.8523375979094028,121984,3148,17985
case_226,0.9135173541753248,0.8408025270223582,68142,6361,6541
case_227,0.9132478162796418,0.8403459684371223,174497,15152,18000
case_228,0.8959750287497946,0.8115532275825125,81807,8480,10516
case_229,0.9185983664109028,0.849451617122251,90927,8249,7866
case_230,0.8965611540302181,0.8125154894671623,85241,19476,193
case_231,0.8400117097057493,0.7241553356479711,47346,2799,15236
case_232,0.9087497092046424,0.8327601072548629,87892,12715,4936
case_233,0.8746741251014313,0.777262964099417,75993,6070,15707
case_234,0.8847413727432011,0.7933060109289618,63877,7220,9423
case_235,0.9415545879004984,0.8895636724740088,131683,4059,12289
case_236,0.8968404589944998,0.8129743936920075,102073,3605,19877
case_237,0.8754476644017267,0.7784854796784355,90446,12709,13027
case_238,0.8577112844182715,0.7508708373972411,86224,25744,2864
case_239,0.9322006986344872,0.8730111524163569,99807,11646,2872
case_240,0.8874444636456377,0.7976630690757498,79598,17485,2706
case_241,0.9266182581448298,0.8632700017268014,184972,16165,13132
case_242,0.8540832604332836,0.7453275015043604,82987,2935,25421
case_243,0.7750473756658828,0.6327162049121675,62780,1007,35436
case_244,0.9052438682966972,0.8268908865468072,53351,9079,2090
case_245,0.8796366226907275,0.7851351092922301,82111,6306,16165
case_246,0.8961074036426492,0.811770462633452,91243,16793,4364
case_247,0.9393544819264994,0.8856441345575026,186847,10255,13871
case_248,0.9100124185575689,0.8348832904621787,130802,2070,23799
case_249,0.8937632060687916,0.8079311870405663,94961,6679,15896
case_250,0.893030738519038,0.8067349018565289,91036,19660,2149
case_251,0.8831694453005519,0.7907819512855492,75938,7090,13001
case_252,0.944709562288212,0.8952128518634632,188462,4918,17142
case_253,0.8927282284913265,0.8062412963666287,114633,2685,24864
case_254,0.8240588639476523,0.7007654028619411,90548,12240,26425
case_255,0.9237625255899149,0.8583259248580376,107168,13985,3704
case_256,0.8902763869701259,0.8022505572711098,156917,4220,34459
case_257,0.9133547868061143,0.8405271340786259,113530,6914,14626
case_258,0.8122202254533573,0.6838138204225352,62145,14845,13890
case_259,0.9135607242719057,0.8408760109115796,87235,3845,12663
case_260,0.9264469767320761,0.8629727238920597,106748,11666,5284
case_261,0.9294967482541088,0.8682801726554179,123914,8296,10502
case_262,0.9069338210139082,0.8297153808703178,107366,18421,3614
case_263,0.9468995604102838,0.8991540833267452,170601,4870,14264
case_264,0.8912868267396485,0.8038930611049516,76857,16290,2459
case_265,0.8574554218473208,0.7504787456378252,77204,6929,18740
case_266,0.8501729952262077,0.7393920926335035,48530,16848,257
case_267,0.9231836870995346,0.8573269888648763,88465,9950,4772
case_268,0.9112491359633201,0.8369675433227671,91622,14816,3031
case_269,0.847020030168029,0.7346355117439455,60365,20515,1290
case_270,0.9317594907347749,0.8722375557314084,90383,4042,9197
case_271,0.9125595449595137,0.8391811622692835,157949,16267,14002
case_272,0.9429887271796878,0.8921274081246173,187965,18383,4345
case_273,0.9159456558480451,0.8449259585455381,154455,24549,3799
case_274,0.9019489770896642,0.8214089858038546,145290,26090,5499
case_275,0.8852353160312927,0.7941006104353251,71288,11569,6915
case_276,0.924698751755299,0.8599439024782662,160346,14246,11869
case_277,0.9453150432048657,0.8963008689129212,114705,7335,5936
case_278,0.9026788877969206,0.8226205417524706,67510,9167,5390
case_279,0.9244443325909054,0.8595039388503237,110197,7471,10542
case_280,0.91241890639481,0.8389433319130806,82698,1164,14712
case_281,0.9265214736413596,0.863102009859689,93316,6009,8792
case_282,0.9264462709678463,0.8629714991564232,114575,15291,2902
case_283,0.906967268776314,0.8297713717693836,80136,10231,6209
case_284,0.895696965420487,0.8110970787665569,107897,11216,13913
case_285,0.8519178283678439,0.7420355871886121,104256,6788,29456
case_286,0.8522526255398493,0.742543737850597,106956,12391,24693
case_287,0.8440089543337379,0.730117207653013,100478,13049,24092
case_288,0.8875923714866566,0.7979020897877722,68764,14380,3037
case_289,0.9159994765581317,0.845017559262511,115497,5590,15593
case_290,0.9236928666543207,0.8582056534207292,104744,11055,6251
case_291,0.9125017434562276,0.8390834081484332,58881,3606,7686
case_292,0.8918679163797228,0.804838998493738,76409,4546,13982
case_293,0.8750093048261032,0.7777924818221251,105793,3275,26949
case_294,0.898282712550336,0.8153477509913154,134066,1411,28951
case_295,0.9176566007438842,0.8478423773587762,224022,24517,15687
case_296,0.9303087365355389,0.8696983590596998,153647,14969,8051
case_297,0.8681183874712703,0.7669692464848973,92350,1172,26887
case_298,0.9156772407764868,0.8444692624843604,100567,13106,5416
case_299,0.8927660675029097,0.8063030235078671,86297,20577,154
case_300,0.9086710614553415,0.8326280275011304,71815,9523,4913
case_301,0.8852891500676987,0.7941872550370027,63423,644,15792
